author,number_of_datasets_authored,jasmine_notes,collaborators
Kim Nielsen,351,Air glow images (# of datasets authored not representative),
Dr. Matt Nolan,306,Glacier photos (# of datasets authored not representative),
Dmitry A Streletskiy,137,,
Kathleen M Stafford,131,,
Donald Perovich,116,,
Matthew Shupe,115,ICECAPS,
Steven F. Oberbauer,110,Recent submitter,"Sergio Vargas-Zesati, Craig E. Tweedie, Steven Oberbauer"
Sergio Vargas-Zesati,104,"Recent submitter, responsive","Sergio Vargas-Zesati, Craig E. Tweedie, Steven Oberbauer"
Jacqueline M. Grebmeier,84,DBO,"Jacqueline M. Grebmeier, Lee W. Cooper"
Jason Beringer,80,,
Matthew Sturm,80,,
Donald A. (Skip) Walker,71,recently Lisa Druckenmiller (In our arctic trainings) has been submitting datasets Donald walker has been associated with ,"Donald A. (Skip) Walker, Mikhail Kanevskiy"
Lee W. Cooper,69,DBO,"Jacqueline M. Grebmeier, Lee W. Cooper"
Carin J. Ashjian,68,,
Jason Stuckey,62,,
Craig E. Tweedie,57,Recent submitter,
Steven Roof,55,,
Andreas Muenchow,51,,
Richard Krishfield,51,,
Larry D. Hinzman,46,,
Igor Polyakov,45,"NABOS II, recently contacted us to get access to data",
Patrick Sullivan,45,"Recent submitter, responsive",
Juha Alatalo,44,,
Raymond Sambrotto,44,,
Carin Ashjian,41,,
Marilyn Walker,41,,
Patrick J. Webber,40,,
Carolina Nobre,39,,
Jeremy May,39,,
H. Rodger Harvey,35,,
John Paden,35,,
Howard Epstein,34,,
Robert Hollister,34,,
Ian Baker,33,Recent submitter,
M. Syndonia Bret-Harte,33,,
Rebecca Woodgate,33,Berring straight data,
Lawrence Hamilton,30,,
Germar Bernhard,29,,
Sally MacIntyre,28,,
William Bowden,28,,
Richard B. Lammers,26,,
Von P. Walden,26,,
Vladimir E. Romanovsky,25,,
Edgar L. Andreas,24,,
Jeff M. Welker,24,,
Ute Herzfeld,24,,
Charles J. Vorosmarty,23,,
Chris Polashenski,23,,
John Toole,23,,
James H. Swift,22,,
Leah McRaven,22,Recent submitter,
Beth Orcutt,21,Recent submitter,
Pelle Robbins,21,,
Larry Mayer,20,,
Walter C. Oechel,20,,
Evelyn B. Sherr,19,,
Phyllis J. Stabeno,19,,
Vladimir Romanovsky,19,,
Andrey Petrov,18,,
S. Bradley Moran,18,,
Michael Bergin,17,,
Mikhail Kanevskiy,17,,"Donald A. (Skip) Walker, Mikhail Kanevskiy"
Nick R. Bates,17,,
Andrea Lloyd,16,,
Joseph McConnell,16,,
William Simpson,16,,
Lorraine Ahlquist,15,,
Dennis Darby,14,,
Gensuo Jiong Jia,14,,
James H. (Jamie) Morison,14,,
Kenneth H. Dunton,14,,
Matthew Evans,14,,
Michael Steele,14,,
Richard Moritz,14,,
William Shaw,14,,
Catharine D. Copass,13,,
Charles N. Flagg,13,,
Christopher Arp,13,,
Jason Amundson,13,,
Robert G. Campbell,13,,
Robert Pickart,13,,
Rolf R. Gradinger,13,,
Sarah Ludwig,13,,
David B. Reusch,12,,
David Kadko,12,,
Florence Fetterer,12,,
Gaius R. (Gus) Shaver,12,,
Glenn F. Cota,12,,
Martin Truffer,12,,
Susan Natali,12,,
David Turner,11,,
Hajo Eicken,11,Frequently mentioned by Matt,
John H. Trefry,11,,
NCAR/EOL NCAR/EOL,11,,
Amanda H. Lynch,10,,
David Beilman,10,,
David Kirchman,10,,
M. Torre Jorgenson,10,,
Matthew Alkire,10,,
Ned Fetcher,10,,
Sergio Vargas,10,,
Craig Lee,9,,
Derek Taylor,9,,
Edward D. Cokelet,9,,
Ethan Welty,9,,
Heather D Alexander,9,,
Henry J. Harlow,9,,
Kenneth M. Hinkel,9,,
Marco Tedesco,9,,
Ronald Benner,9,,
Tamara Harms,9,,
Ulf Molau,9,,
Yuri Shur,9,,
Andy Aschwanden,8,,
Bob Dattore,8,,
Bob Hawley,8,,
Darrell Kaufman,8,,
David Noone,8,,
Dennis Hansell,8,,
Frank Bahr,8,,
Greg Cutter,8,,
Hana Christoffersen,8,,
Ignatius Rigor,8,,
John P. Christensen,8,,
Joseph R. McConnell,8,,
Joshua Leffler,8,,
Knut Dr. Aagaard,8,,
Marion Syndonia Bret-Harte,8,,
Paul Robbins,8,,
Ryan Banta,8,,
Sarah Godsey,8,,
Thomas J. Weingartner,8,,
Victoria Hill,8,,
Victoria J. Hill,8,,
A. Dave McGuire,7,,
Adam M. Young,7,,
Catherine L. Berchok,7,,
Chien-Lu Ping,7,,
Christopher Omelon,7,,
Detlev Helmig,7,,
Janet Scannell,7,,
Kenneth Dunton,7,,
Kenneth Hinkel,7,,
Mary-Louise Timmermans,7,,
Michael Lomas,7,,
Miles McPhee,7,,
Monika Calef,7,,
Nina J. Karnovsky,7,,
Robert Campbell,7,,
Robert Max Holmes,7,,
Stephen Okkonen,7,,
Andrey Proshutinsky,6,,
Anne Hershey,6,,
Arny L. Blanchard,6,,
Borgthor Magnusson,6,,
Chris McNeave,6,,
Christopher Guay,6,,
Colin Edgar,6,,
D. A. Lipson,6,,
David H. Shull,6,,
Heather D. Alexander,6,,
James Morison,6,,
Karl Kreutz,6,,
Kazuyuki Saito,6,,
Kelly K. Falkner,6,,
Kenneth O. Coyle,6,,
Martha K. Raynolds,6,,
Matthew Wooller,6,,
Mead Allison,6,,
Michael DeGrandpre,6,,
Michelle Mack,6,,
Patrick H. Ressler,6,,
Paul Arthur Berkman,6,,
Sue E. Moore,6,,
Taneil Uttal,6,,
Tiffany Troxler,6,,
Allan H. Devol,5,,
Andrei Kurbatov,5,,
Anna Liljedahl,5,,
Baptiste Vandecrux,5,,
Benjamin Jones,5,,
Chris Larsen,5,,
Eric Post,5,,
Gaius Shaver,5,,
Harry Stern,5,,
Irina Overeem,5,,
James Lovvorn,5,,
Jason Briner,5,,
Jeanette C. Gann,5,,
Jianwu Tang,5,,
Jody Deming,5,,
John Lenters,5,,
Kevin Arrigo,5,,
Leonid Polyak,5,,
Lora Koenig,5,,
Lori Ziolkowski,5,,
Matthew A. Lazzara,5,,
Michael Brady,5,,
Michael Gooseff,5,,
Michael Loranty,5,,
Michael Weintraub,5,,
"Nichols, Harvey",5,,
Rachael Rhodes,5,,
Rainer Lohmann,5,,
Roger Andersen,5,,
Seth Campbell,5,,
Svein Vagle,5,,
William B. Bowden,5,,
Yongwei Sheng,5,,
Zhangxian Ouyang,5,,
Adam Z. Csank,4,,
Alana Shaw,4,,
Alexander Huryn,4,,
Andrew Parsekian,4,,
Bodil A. Bluhm,4,,
Claudia Czimczik,4,,
Dmitry Streletskiy,4,,
Donald A. Walker,4,,
Donatella Zona,4,,
Elizabeth E Webb,4,,
Ellen Druffel,4,,
Erich Osterberg,4,,
Greg Stossmeister,4,,
Harper Simmons,4,,
Howard Zebker,4,,
Ingibjorg S. Jonsdottir,4,,
Jacqueline Grebmeier,4,,
Jane M. Wolken,4,,
Janet Intrieri,4,,
John Steinberg,4,,
John T. Andrews,4,,
Jon Holmgren,4,,
Joshua Schimel,4,,
Karen Junge,4,,
Kevin Griffin,4,,
Laurie Juranek,4,,
Lina Taneva,4,,
M. S. Bret-Harte,4,,
Mackenzie Grieman,4,,
Mark Ortmeyer,4,,
Matthew Charette,4,,
Mette Kaufman,4,,
Nikolay Shiklomanov,4,,
Paul A. Mayewski,4,,
Paul Shepson,4,,
Peter Lavrentyev,4,,
Randolph A. Reeder,4,,
Richard Collins,4,,
Rick Krishfield,4,,
Robert Jespersen,4,,
Robert S. Pickart,4,,
Ron Lindsay,4,,
Sergio A. Vargas Zesati,4,,
T.K. Raab,4,,
Timothy P. Stanton,4,,
Tingjun Zhang,4,,
Uma Bhatt,4,,
Alexander Kholodov,3,,
Allen Pope,3,,
Allison Graves Gaylord,3,,
Amanda B. Young,3,,
Andrew Juhl,3,,
Andrew Kliskey,3,,
Angela Younie,3,,
Anna K. Liljedahl,3,,
Anne Jennings,3,,
Ben Pelto,3,,
Carey Friedman,3,,
Cathleen Geiger,3,,
Chadwick V. Jay,3,,
Christopher Gerbi,3,,
Clare H. Robinson,3,,
Daniel White,3,,
David C. Noone,3,,
David Holland,3,,
David Lipson,3,,
Diane K. Stoecker,3,,
Dominic Winski,3,,
Edda Mutter,3,,
Edwin Eloranta,3,,
Eugenie Euskirchen,3,,
F. III Stuart (Terry) Chapin,3,,
Feng Sheng Hu,3,,
Fiammetta Straneo,3,,
Frederick E. Nelson,3,,
G. Carleton Ray,3,,
Gary Clow,3,,
George Kling,3,,
Giacomo DiTullio,3,,
Glen E. Liston,3,,
Gordon Hamilton,3,,
Ivonne Ortiz,3,,
Jacqueline Richter-Menge,3,,
James Maslanik,3,,
Jeffrey M. Napp,3,,
Jennie McLaren,3,,
Jihong Cole-Dai,3,,
Jinlun Zhang,3,,
Joel Harper,3,,
John Cassano,3,,
John E. Hobbie,3,,
Jonathan B. Martin,3,,
Julie Brigham-Grette,3,,
Karen Beard,3,,
Karen Frey,3,,
Katherine Barnhart,3,,
Katherine Suding,3,,
Kathleen Stafford,3,,
Kathryn Catlin,3,,
Kathy J. Kuletz,3,,
Katrin Iken,3,,
Laia Andreu-Hayles,3,,
Lauren Juranek,3,,
Leonel Sternberg,3,,
M. Lupascu,3,,
Mark C. Serreze,3,,
Martin Miles,3,,
Matthew Berman,3,,
Motoyo Itoh,3,,
Nathan Chellman,3,,
Nicholas Wright,3,,
Paul Bierman,3,,
Peter Lane,3,,
Quentin Coopman,3,,
Randy Fulweber,3,,
Rebecca Hewitt,3,,
Rodrigo Correa Rangel,3,"Recent submitter, responsive",
Ronald Kwok,3,,
Rose Cory,3,,
Rune Storvold,3,,
Russ Hopcroft,3,,
Scott Pegau,3,,
Sean Arms,3,,
Sean Cahoon,3,,
Seth Beaudreault,3,,
Sharon L. Smith,3,,
Steven Oberbauer,3,,related people
Sveta Yamin-Pasternak,3,,
Thomas A. Douglas,3,,
Thomas C. Grenfell,3,,
Thomas Weingartner,3,,
Timothy Stanton,3,,
Toby Meierbachtol,3,,
Todd Sowers,3,,
Wendy R. Eisner,3,,
William D'Andrea,3,,
William Gould,3,,
Zicheng Yu,3,,
Albert Plueddemann,2,,
Alexander D. Huryn,2,,
Alexander Shiklomanov,2,,
Andrew Black,2,,
Andrew Jacobson,2,,
Andrey A. Grachev,2,,
Astrid E. J. Ogilvie,2,,
Audrey Yau,2,,
Baoshan Chen,2,,
Ben Holt,2,,
Ben W. Abbott,2,,
Benjamin Crosby,2,,
Beth Caissie,2,,
Bethany Neilson,2,,
Brendan Reilly,2,,
Burke Hales,2,,
Caitlin Livsey,2,,
Charles H. Racine,2,,
Charles Parr,2,,
Chris Bretherton,2,,
Christian Mattmann,2,,
Christina Bonsell,2,,
Claire Simpson,2,,
Clayton Paulson,2,,
Clement Miege,2,,
Clément Miège,2,,
Corinne Munger,2,,
Courtney Carothers,2,,
Craig Tweedie,2,,
David Fortin,2,,
Deborah Crooks,2,,
Dennis A. Darby,2,,
Dennis O'Rourke,2,,
Dmitry Nicolsky,2,,
Don Perovich,2,,
Don Stott,2,,
Dorothy L. Fibiger,2,,
Douglas Kane,2,,
Douglas L. Kane,2,,
Ed Eloranta,2,,
Edward Durbin,2,,
Edward Rastetter,2,,
Ellyn Enderlin,2,,
Emily Shroyer,2,,
Eric C. Apel,2,,
Eric Klein,2,,
Eric Skyllingstad,2,,
Erik Schiefer,2,,
Evan Lyons,2,,
Fiamma Straneo,2,,
Frank (Ted) Goebel,2,,
Fredrick Prahl,2,,
G. W. Kent Moore,2,,
Gerald Bigelow,2,,
Gert Van Dijken,2,,
Gordon Oswald,2,,
Gregory Starr,2,,
Grizelle Gonzalez,2,,
Gunnar Spreen,2,,
Hannah Marshburn,2,,
Heather Kropp,2,,
Heidi Golden,2,,
Hella Ahrends,2,,
Howard Conway,2,,
Ina Timling,2,,
James McManus,2,,
James T. Randerson,2,,
Jamie D. Gleason,2,,
Janet Duffy-Anderson,2,,
Jeffrey Severinghaus,2,,
Jeffrey Welker,2,,
Jennifer Francis,2,,
Jennifer Hutchings,2,,
Jessica Schedlbauer,2,,
John Andrews,2,,
"John C. ""Craig"" George",2,,
Jonathan E. Nichols,2,,
Joseph Shaw,2,,
Judith A. Curry,2,,
Julie Raymond-Yakoubian,2,,
Julienne Stroeve,2,,
K. Miller,2,,
Kaitlin Keegan,2,,
Karen E. Frey,2,,
Kate Buckeridge,2,,
Katharine Kelsey,2,,
Kathleen M. Stafford,2,,
Kei Saito,2,,
Kelly Benoit-Bird,2,,
Kenichi Matsuoka,2,,
Kenneth Mankoff,2,,
Kevin Anchukaitis,2,,
Kristina Øie Kvile,2,,
Kyle Arndt,2,,
Laurie Padman,2,,
Leung Tsang,2,,
Lilian Alessa,2,,
Linda Deegan,2,,
Lindsay G. Carlson,2,,
Lloyd Keigwin,2,,
Louis Codispoti,2,,
Louisa Kramer,2,,
Matt Nolan,2,,
Melinda Nicewonger,2,,
Melissa L. Chipman,2,,
Meredith Kelly,2,,
Nancy Friday,2,,
Natalia Shakhova,2,,
Nathan M. Jones,2,,
Nathan Thorp,2,,
Nicolas Young,2,,
Olivia Miller,2,,
Orjan Totland,2,,
Philippe Amstislavski,2,,
Phillip A. Zavadil,2,,
Rainer Amon,2,,
Robert Wagner,2,,
Roger Bales,2,,
Ronald Daanen,2,,
Rosana Paredes,2,,
Russell Hopcroft,2,,
Scott J. Goetz,2,,
Sean M. Schaeffer,2,,
Sean Schaeffer,2,,
Shad ONeel,2,,
Shaun A. Marcott,2,,
Shinto Nishino,2,,
Shiway Wang,2,,
Stephen G. Warren,2,,
Stephen R. Okkonen,2,,
Steven F Oberbauer,2,,
Steven Manganini,2,,
Sue Moore,2,,
Susan Crate,2,,
Svetlana Stuefer,2,,
Takashi Kikuchi,2,,
Thomas E. Osterkamp,2,,
Till Baumann,2,,
Tobias Schwoerer,2,,
Tracy DeLiberty,2,,
Vanessa Lougheed,2,,
Vasilii Petrenko,2,,
Vernon Byrd,2,,
Victoria Gofman,2,,
Von Walden,2,,
William F. Manley,2,,
Xiahong Feng,2,,
Xiaofeng Liu,2,,
Xuanji Wang,2,,
Yanling Yu,2,,
Zheng Liu,2,,
Aariel Rocha,1,,
Abigail Smith,1,,
Adam Csank,1,,
Adam Naito,1,,
Adam T. Naito,1,,
Adina Paytan,1,,
Adrian E. Gall,1,,
Adrian Luckman,1,,
Agata Buchwal,1,,
Alan C. Haynie,1,,
Alan Fried,1,,
Alan Wanamaker,1,,
Alden Adolph,1,,
Alex B. Guenther,1,,
Alex DeRobertis,1,,
Alexander (Sasha) Kitaysky,1,,
Alexander L. Nereson,1,,
Alexandra Jahn,1,,
Alexandra Lai,1,,
Alexei I. Pinchuk,1,,
Alexi Pinchuk,1,,
Alice Heller Nelson,1,,
Alisa Vershinina,1,,
Alix Johnson,1,,
Aliza Segal,1,,
Allen S. Hope,1,,
Allison Gaylord,1,,
Allison Woodward,1,,
Amanda Koltz,1,,
Ana Aguilar-Islas,1,,
Andre Punt,1,,
Andrea Pain,1,,
Andrew Balser,1,,
Andrew G. Slater,1,,
Andrew Trites,1,,
Andy Weinheimer,1,,
Ann Fienup-Riordan,1,,
Ann M. A. Harding,1,,
Anna Prentiss,1,,
Anna Szymanski,1,,
Anna-Maria Virkkala,1,,
Anne E. Jennings,1,,
Anthony W. England,1,,
Antoinette Galvin,1,,
Aradhna Tripati,1,,
Arley Muth,1,,
Arno Hammann,1,,
Ashley Ballantyne,1,,
Astrid Ogilvie,1,,
Axel Schweiger,1,,
B.A. Schubert,1,,
Barbara Bodenhorn,1,,
Beata Csatho,1,,
Beaufort Lagoon Ecosystems LTER,1,,
Becky Alexander,1,,
Behzad Mortazavi,1,,
Ben Abbott,1,,
Ben Kopec,1,,
Benjamin Hills,1,,
Benjamin Smith,1,,
Bennet H. Leon,1,,
Blanca Rodriguez,1,,
Brad Orr,1,,
Breanyn MacInnes,1,,
Brenda L Norcross,1,,
Brendan Kelly,1,,
Brett Sandercock,1,,
Brian A. Haley,1,,
Brian Amiro,1,,
Brian Yellen,1,,
Brice Loose,1,,
Brittany Berdy,1,,
Brook Nunn,1,,
Bruce Elder,1,,
Bruce J. Peterson,1,,
Bruce P. Finney,1,,
Bruce Peterson,1,,
Bryan Riel,1,,
C. Bochicchio,1,,
Caleb Schiff,1,,
Cameron McMillan,1,,
Cara Magnabosco,1,,
Carleen Reijmer,1,,
Carlos D. Szembek,1,,
Caroline Bentley Alden,1,,
Caroline Brown,1,,
Carrie Morrill,1,,
Catherine P. Chambers,1,,
Charles Rodda,1,,
Charles Stearns,1,,
Charles Umbanhowar Jr,1,,
Charles Zender,1,,
Charlie Zender,1,,
Chelsea Stephens,1,,
Chris Jones,1,,
Chris Mattmann,1,,
Christian Kienholz,1,,
Christina Carr,1,,
Christina Schadel,1,,
Christopher A Cantrell,1,,
Christopher Cox,1,,
Christopher Hiemstra,1,,
Christopher J Lortie,1,,
Christopher Little,1,,
Christopher W. Fairall,1,,
Claire Addis,1,,
Claire Pettersen,1,,
Claire Treat,1,,
Claudia Boot,1,,
Claudia M. Boot,1,,
Colin Thackray,1,,
Corinne Vonlanthen,1,,
Cort Anastasio,1,,
Courtney Lyons,1,,
Craig Allen,1,,
Cynthia Nevison,1,,
D. Wiley,1,,
Daksha M. Rajagopalan,1,,
Daksha Rajagopalan,1,,
Dan Lubin,1,,
Daniel Hill,1,,
Daniel Mann,1,,
Daniel P. Lane,1,,
Daniel Sigman,1,,
Daqing Yang,1,,
Daren McGregor,1,,
David A. Sutherland,1,,
David B. Irons,1,,
David Bond,1,,
David Eissenstat,1,,
David H. Bromwich,1,,
David McGee,1,,
David P. Pompeani,1,,
David Sayres,1,,
David Sutherland,1,,
David W. Norton,1,,
Dean Stockwell,1,,
DETLEV HELMIG,1,,
Dexian Chen,1,,
Diana Zamora-Reyes,1,,
Dmitry Zamolodchikov,1,,
Donald Walker,1,,
Dorothy Fibiger,1,,
Dorothy Peteet,1,,
Doug Reese,1,,
Douglas A. Stow,1,,
Douglas Dasher,1,,
E. A. Pavshtiks,1,,
E. Friedman,1,,
E. Waddington,1,,
Edith Jaurrieta,1,,
Edward Brook,1,,
Edward Henry Grainger,1,,
Edward J. Kim,1,,
Edward V. Farley,1,,
Edward Zeller,1,,
Edwin D. Waddington,1,,
Edwin Waddington,1,,
Elizabeth Cassano,1,,
Elizabeth Grayce Ceperley,1,,
Elizabeth K. Thomas,1,,
Elizabeth Katherine Thomas,1,,
Elizabeth Sharp,1,,
Elsie Sunderland,1,,
Emily Mortazavi,1,,
Emily Pratt,1,,
Emily Slye Gercke,1,,
Eric Collins,1,,
Eric G. DeChaine,1,,
Eric P. Helfrich,1,,
Eric S Klein,1,,
Eric Saltzman,1,,
Eric Steig,1,,
Erik Hobbie,1,,
Erik R. Miller,1,,
Erik Shiefer,1,,
Erika J. Edwards,1,,
Erin Pettit,1,,
Esther Munoz,1,,
Eugene Karabonov,1,,
Evan Clark,1,,
Finlo Cottier,1,,
Fran Moore,1,,
Frank M. Flocke,1,,
Franz Mueter,1,,
Gabriel Lewis,1,,
George Hunt,1,,
George Roth,1,,
Georgina Gibson,1,,
Gerald Frost,1,,
Gianluca Meneghello,1,,
Gifford H. Miller,1,,
Gifford Miller,1,,
Gijs de Boer,1,,
Gordon S. Hamilton,1,,
Graham Colby,1,,
Grainger E.H.,1,,
Greg de Wet,1,,
Greg Scharfen,1,,
H. Eicken,1,,
Hal Shepherd,1,,
Hank Margolis,1,,
Harry McCaughey,1,,
Heather Alexander,1,,
Heather Anne Marie Stewart,1,,
Heather M. Renner,1,,
Hector Alejandro Zamora,1,,
Heidi Anne Roop,1,,
Helena Rose Tiedmann,1,,
Hélène Angot,1,,
Henry Harlow,1,,
Henry P. Huntington,1,,
Hilda Kurtz,1,,
Hilde Oliver,1,,
Hongli Fu,1,,
HONGYUAN ZHENG,1,,
Hoyle Lee,1,,
Ian Howat,1,,
Ian Lee,1,,
Igor Melnikov,1,,
Isis Brangers,1,,
Ivan Kireyev,1,,
J. Brooks Motley,1,,
J.E. Dibb,1,,
J.S. Bowman,1,,
Jack Kruse,1,,
Jackie Grebmeier,1,,
James A. Fall,1,,
James Beget,1,,
James Drummond,1,,
James E. Overland,1,,
James G. Bockheim,1,,
James Moore,1,,
James O. Pinto,1,,
James W. C. White,1,,
Jamie Gleason,1,,
Janet Johnston,1,,
Jasmine Saros,1,,
jason briner,1,,
Jason Geck,1,,
Jeanette Gann,1,,
Jeff Rasic,1,,
Jeffrey Krause,1,,
Jeffrey Thayer,1,,
Jenna Zechmann,1,,
Jennifer Bailey,1,,
Jennifer K. Hutchings,1,,
Jennifer King,1,,
Jennifer MacKinnon,1,,
Jennifer Schmidt,1,,
Jennifer Sepez,1,,
Jeremy L Kasper,1,,
Jeremy T. Mathis,1,,
Jeremy Wei,1,,
Jesse P. Samluk,1,,
Jessica A. Badgeley,1,,
Jessica Young,1,,
Jessica Young-Robertson,1,,
Jesus Ruiz-Plancarte,1,,
Jian-Feng He,1,,
Jianjun Yin,1,,
Jida Wang,1,,
Jim Smith,1,,
Jing Zhang,1,,
Jody W. Deming,1,,
Joel Barker,1,,
John Antonelli Whiting,1,,
John Burkhart,1,,
John D. Lenters,1,,
John Doe,1,,
John E. Walsh,1,,
John Halfacre,1,,
John Kessler,1,,
John M. Steinberg,1,,
John S. Brown,1,,
John S. Kimble,1,,
John T Andrews,1,,
John Tarduno,1,,
John Williams,1,,
Jon K. Eischeid,1,,
Jon Rosales,1,,
Joni E. Barreda,1,,
Joseph Stoner,1,,
Josh Wisniewski,1,,
Joshua McGrath,1,,
Joy S. Clein,1,,
Judah Cohen,1,,
Julia Collins,1,,
Julia Stuart,1,,
Julie Friddell,1,,
Julie Granger,1,,
Julie McKnight,1,,
Julie McKnight Konkel,1,,
Julien Delarue,1,,
K. Whittinghill,1,,
K.M. Schild,1,,
Kang Wang,1,,
Karen Smith,1,,
Kate M. Buckeridge,1,,
Katey M. Walter Anthony,1,,
Katey Walter Anthony,1,,
Katherine Benedict,1,,
Kathryn Heard,1,,
Kayla Nussbaum,1,,
Keith Nicholls,1,,
Kelly Falkner,1,,
Kelly Monteleone,1,,
Ken Hinkel,1,,
Ken Mankoff,1,,
Kerim Aydin,1,,
Kerri Pratt,1,,
Kevin R. Arrigo,1,,
Kevin Wood,1,,
Kim Morris,1,,
Kimberly Wickland,1,,
Knut Stamnes,1,,
Kostas Tsigaridis,1,,
Kristen Lee Mitchell,1,,
Kyle Redilla,1,,
Laura Brosius,1,,
laura lapham,1,,
Laura M. Kehrl,1,,
Laura Naman Poppick,1,,
Laura Zanotti,1,,
Laurel Lynch,1,,
Lauren Andrews,1,,
Lauren Marie Perreault,1,,
Lauren Norman,1,,
Lee Cooper,1,,
Lee. M. Sorrell,1,,
Leif Anderson,1,,
Liam Frink,1,,
Lily Zhao,1,,
Lincoln Pitcher,1,,
Lindsay Carlson,1,,
Lindsay McCulloch,1,,
Lisa Busch,1,,
Lisa Wexlerl,1,,
Lisanne A. M. Aerts,1,,
Locke William V,1,,
Loeka Jongejans,1,,
Lorenzo Ciannelli,1,,
Luke D. Trusel,1,,
Lynn M. Russell,1,,
Lynn Montgomery,1,,
M. Apps,1,,
M. Ewert,1,,
Magdalena Andres,1,,
Marc Stieglitz,1,,
Margaret Holzer,1,,
Marie Lowe,1,,
Mark Abbott,1,,
Mark Engebretson,1,,
Mark Lara,1,,
Mark Skidmore,1,,
Martha Raynolds,1,,
Matthew A. Nolan,1,,
Matthew Johnson,1,,
Matthew S. Lachniet,1,,
Matthew Wallenstein,1,,
Matti Ruuskanen,1,,
Mauri Pelto,1,,
Mauri S. Pelto,1,,
Maya Li Wei-Haas,1,,
Mead A. Allison,1,,
Megan Sarah Arnold,1,,
Meibing Jin,1,,
Melanie Engram,1,,
Melissa Reusché,1,,
Meredith Hastings,1,,
Meredith Nettles,1,,
Michael Bender,1,,
Michael Bevis,1,,
Michael Bilello,1,,
Michael Burek,1,,
Michael Dalton,1,,
Michael J. Retelle,1,,
Michael Loughridge,1,,
Michael Moody,1,,
Michael Ram,1,,
Michael Rawlins,1,,
Michael Ricketts,1,,
Michael Spall,1,,
Michael Willis,1,,
Miguel Goni,1,,
Mike Sigler,1,,
Mike Steele,1,,
Monica Arienzo,1,,
Mukul Sharma,1,,
Murat Aydin,1,,
Natalie Monacci,1,,
Nathan Maier,1,,
Neal Iverson,1,,
Nicholas Beaird,1,,
Nicholas Holschuh,1,,
Nicholas Hulton,1,,
Nicholas P. McKay,1,,
Nicholas Schmerr,1,,
Noelle Selin,1,,
Nora Matell,1,,
Noriaki Ohara,1,,
Ola Persson,1,,
Pamela Groves,1,,
Patrice F. Cobin,1,,
Patricia Matrai,1,,
Patrick Heimbach,1,,
Paul Lawson,1,,
Peder Nelson,1,,
Penny Rowe,1,,
Pete D. Akers,1,,
Pete Heintzman Shapiro,1,,
Peter D. Neff,1,,
Peter Dahl,1,,
Peter L. Moore,1,,
Peter Peterson,1,,
Peter Schlosser,1,,
Phaedra Calista Tinder,1,,
Philip A. Loring,1,,
Philip Alatalo,1,,
Philip Camill,1,,
Philip E. Higuera,1,,
Pieter S. A. Beck,1,,
Qianlai Zhuang,1,,
R. A. Eagle,1,,
R. H. Williams,1,,
Rachel Fowler,1,,
Rachel Obbard,1,,
Rachel Stanley,1,,
Rachel Valletta,1,,
Ralph Keeling,1,,
Raymond Bradley,1,,
Rebecca Finger Higgens,1,,
Rebecca Gast,1,,
Richard Armstrong,1,,
Richard B. Lanctot,1,,
Richard Forster,1,,
Richard G. Pearson,1,,
Richard Kemnitz,1,,
Richard Lanctot,1,,
Richard Pearson,1,,
Robert C. Rhew,1,,
Robert Detrick,1,,
Robert Friel,1,,
Robert Hawley,1,,
Robert Holmes,1,,
Robert M. Friel,1,,
Robert Pinkel,1,,
Robert Spencer,1,,
Robert Zafra,1,,
Robin Muench,1,,
Roger Barry,1,,
Roger Dargaville,1,,
Roger G. Barry,1,,
Ron Heintz,1,,
Ronald Lindsay,1,,
Roy Eric Collins,1,,
Roy Lee Mauldin,1,,
Russell R. Hopcroft,1,,
Ryan M. Cumpston,1,,
S. Benjamin B. Schupack,1,,
Samuel R. Hall,1,,
Sandra Parker-Stetter,1,,
Sandra T. Tahbone,1,,
Sarah Das,1,,
Sarah E. Crump,1,,
Sarah E. Hobbie,1,,
Sean Birkel,1,,
Seelye Martin,1,,
Shantenu Jha,1,,
Shari Fox Gearheard,1,,
Shari Gearheard,1,,
Sharon Sneed,1,,
Shelby Anderson,1,,
Shiway W. Wang,1,,
Simon L. Pendleton,1,,
Simone Vincenzi,1,,
Stephan R. de Roode,1,,
Stephen McNamara,1,,
Steve C. Whalen,1,,
Steve Okkonen,1,,
Steve Whalen,1,,
Steven Brooks,1,,
Steven F. Williams,1,,
Steven V. Muller,1,,
Stine Højlund Pedersen,1,,
Susan A Kaplan,1,,
Susan A. Crate,1,,
Svetlana Erofeeva,1,,
T. Gentzel,1,,
T. Jorgenson,1,,
Tad Pfeffer,1,,
Tadayasu Uchiyama,1,,
Takatoshi Takizawa,1,,
Tamar Barkay,1,,
Tate Meehan,1,,
Tatiana Degai,1,,
Taylor Johaneman,1,,
Taylor Leach,1,,
Ted Schuur,1,,
Terra Hittson,1,,
Theodore B. Barnhart,1,,
Thomas F. Ross,1,,
Thomas F. Thornton,1,,
Thomas McGovern,1,,
Thomas Parker,1,,
Thomas W. Horst,1,,
THU airport US Air Force,1,,
Tim Frazier,1,,
Timothy Bartholomaus,1,,
Timothy Pasch,1,,
Toru Hirawake,1,,
Trevor Andersen,1,,
Tristan Amaral,1,,
Tuula Hollmen,1,,
Ute Kaden,1,,
Valeriy Mazepa,1,,
Vanessa L Lougheed,1,,
Victoria Miles,1,,
Virginia Hatfield,1,,
Virginia J. Vitzthum,1,,
W. III B. Tucker,1,,
Walker O. Smith,1,,
Wendy Ermold,1,,
Wenwen Li,1,,
Werner Eugster,1,,
William Cable,1,,
William Daniels,1,,
William J. D'Andrea,1,,
William Jr. G. Ambrose,1,,
William Jr. Smethie,1,,
Xanthe Walker,1,,
Xavier Fettweis,1,,
Yarrow Axford,1,,
Yasushi Fukamachi,1,,
Yinghui Liu,1,,
Yoko Kugo,1,,
Yongsong Huang,1,,
Yu-Ping Chin,1,,